slug,market,sport,name,short_name,address,city,state,postal_code,latitude,longitude,access_type,setting,court_count,launch_reason,launch_priority,verification_status,source_tier,source_url,geocode_source,geocode_query,geocode_display_name,detection_source_id,detection_distance_m,detection_city,satellite_match_status
new-york-city-basketball-rucker-park,New York City,basketball,Holcombe Rucker Park,Rucker Park,280 W 155th St,New York,NY,10039,40.8288869,-73.9368503,public_free,outdoor,,iconic,100,source_verified,official,https://www.nycgovparks.org/parks/holcombe-rucker-park,OpenStreetMap Nominatim,"280 W 155th St, New York, NY 10039","280, West 155th Street, Manhattan Community Board 10, Manhattan, New York County, New York, 10039, United States",1074962572,84.6,City of New York,strong
new-york-city-basketball-the-cage,New York City,basketball,West 4th Street Courts,The Cage,6th Avenue & West 3rd Street,New York,NY,10014,40.7308271,-74.0013897,public_free,outdoor,1,iconic,100,source_verified,official,https://www.nycgovparks.org/parks/west-4th-street-courts/,OpenStreetMap Nominatim,"6th Avenue & West 3rd Street, Manhattan, New York, NY 10014","6th Avenue & West 3rd Street, 6th Avenue, University Village, Manhattan, New York County, New York, 10014, United States",440055116,38.9,City of New York,strong
new-york-city-basketball-dyckman,New York City,basketball,Dyckman Park Courts,Dyckman,4768 Nagle Ave,New York,NY,10034,40.860319,-73.9282121,public_free,outdoor,,iconic,100,source_verified,editorial,https://www.redbull.com/us-en/famous-streetball-courts-usa,OpenStreetMap Nominatim,"4768 Nagle Ave, New York, NY 10034","Nagle Avenue, Fort George, Manhattan Community Board 12, Manhattan, New York County, New York, 10034, United States",766058280,399.5,City of New York,review
new-york-city-basketball-kingdome,New York City,basketball,Kingdome,Kingdome,62 Malcolm X Blvd,New York,NY,10026,40.8003258,-73.9503163,public_free,outdoor,,iconic,100,source_verified,editorial,https://www.redbull.com/us-en/famous-streetball-courts-usa,OpenStreetMap Nominatim,"62 Malcolm X Blvd, New York, NY 10026","62, Malcolm X Boulevard, Harlem, Manhattan Community Board 10, Manhattan, New York County, New York, 10026, United States",225143099,26.1,City of New York,strong
new-york-city-pickleball-marine-park,New York City,pickleball,Marine Park Pickleball Courts,Marine Park,Fillmore Ave & Stuart St,Brooklyn,NY,11234,40.6072902,-73.9393511,public_free,outdoor,8,open_play_anchor,92,source_verified,community,https://www.nycpickleball.com/the-guide,OpenStreetMap Nominatim,"Fillmore Ave & Stuart St, Brooklyn, NY 11234","Fillmore Avenue & Stuart Street, Fillmore Avenue, Brooklyn, Kings County, New York, 11234, United States",,,,not_applicable
new-york-city-pickleball-pier-2,New York City,pickleball,Pier 2 Pickleball Courts,Pier 2,150 Furman St,Brooklyn,NY,11201,40.70189,-73.995468,public_free,outdoor_covered,4,open_play_anchor,92,source_verified,community,https://www.nycpickleball.com/blog/pier-2-pickleball-courts-brooklyn-heights,OpenStreetMap Nominatim,"150 Furman St, Brooklyn, NY 11201","150, Furman Street, Dumbo, Brooklyn, Kings County, New York, 11201, United States",,,,not_applicable
new-york-city-pickleball-john-j-carty,New York City,pickleball,John J. Carty Park,John J. Carty,9902 Fort Hamilton Pkwy,Brooklyn,NY,11209,40.6125402,-74.0316587,public_free,outdoor,4,open_play_anchor,92,source_verified,official,https://www.nycgovparks.org/parks/john-j-carty-park/facilities/pickleball,OpenStreetMap Nominatim,"9902 Fort Hamilton Pkwy, Brooklyn, NY 11209","9902, Fort Hamilton Parkway, Brooklyn, Kings County, New York, 11209, United States",,,,not_applicable
new-york-city-pickleball-james-j-walker,New York City,pickleball,James J. Walker Park,James J. Walker,100 Clarkson St,New York,NY,10014,40.7295766,-74.0076736,public_free,outdoor,2,neighborhood_hub,78,source_verified,official,https://www.nycgovparks.org/facilities/pickleball,OpenStreetMap Nominatim,"100 Clarkson St, New York, NY 10014","Clarkson Street, Hudson Square, Manhattan, New York County, New York, 10014, United States",,,,not_applicable
washington-dc-basketball-banneker,Washington DC,basketball,Banneker Recreation Center,Banneker,2500 Georgia Ave NW,Washington,DC,20001,38.922453,-77.022378,public_free,outdoor,,pickup_anchor,90,source_verified,official,https://dpr.dc.gov/page/athletic-fields-courts,OpenStreetMap Nominatim,"2500 Georgia Ave NW, Washington, DC 20001","2500, Georgia Avenue Northwest, Pleasant Plains, Ward 1, Washington, District of Columbia, 20001, United States",87483737,99,Washington,nearby
washington-dc-basketball-turkey-thicket,Washington DC,basketball,Turkey Thicket Recreation Center,Turkey Thicket,1100 Michigan Ave NE,Washington,DC,20017,38.9380885,-76.9928164,public_free,mixed,,community_hub,82,source_verified,official,https://dpr.dc.gov/page/athletic-fields-courts,OpenStreetMap Nominatim,"1100 Michigan Ave NE, Washington, DC 20017","Turkey Thicket Aquatic Center, 1100, Michigan Avenue Northeast, University Heights, Ward 5, Washington, District of Columbia, 20017, United States",982098880,82.8,Washington,strong
washington-dc-basketball-kennedy-rec,Washington DC,basketball,Kennedy Recreation Center,Kennedy Rec,1401 7th St NW,Washington,DC,20001,38.909034,-77.0215468,public_free,mixed,,pickup_anchor,90,source_verified,official,https://dpr.dc.gov/page/athletic-fields-courts,OpenStreetMap Nominatim,"Kennedy Recreation Center, 1401 7th St NW, Washington, DC 20001","Kennedy Recreation Center, 1401, 7th Street Northwest, Logan Circle/Shaw, Ward 2, Washington, District of Columbia, 20001, United States",197099235,54,Washington,strong
washington-dc-basketball-takoma-rec,Washington DC,basketball,Takoma Recreation Center,Takoma Rec,300 Van Buren St NW,Washington,DC,20012,38.9689287,-77.0179738,public_free,mixed,,community_hub,82,source_verified,official,https://dpr.dc.gov/page/athletic-fields-courts,OpenStreetMap Nominatim,"300 Van Buren St NW, Washington, DC 20012","300, Van Buren Street Northwest, Brightwood, Ward 4, Washington, District of Columbia, 20012, United States",134179172,182.2,Washington,nearby
washington-dc-pickleball-turkey-thicket,Washington DC,pickleball,Turkey Thicket Pickleball Courts,Turkey Thicket,1100 Michigan Ave NE,Washington,DC,20017,38.9380885,-76.9928164,public_free,mixed,,open_play_anchor,92,source_verified,official,https://dpr.dc.gov/release/dpr-announces-arrival-pickleball,OpenStreetMap Nominatim,"1100 Michigan Ave NE, Washington, DC 20017","Turkey Thicket Aquatic Center, 1100, Michigan Avenue Northeast, University Heights, Ward 5, Washington, District of Columbia, 20017, United States",,,,not_applicable
washington-dc-pickleball-palisades,Washington DC,pickleball,Palisades Recreation Center,Palisades,5200 Sherier Pl NW,Washington,DC,20016,38.9244362,-77.1045859,public_free,mixed,,neighborhood_hub,78,source_verified,official,https://dpr.dc.gov/page/athletic-fields-courts,OpenStreetMap Nominatim,"Palisades Recreation Center, 5200 Sherier Pl NW, Washington, DC 20016","Palisades Recreation Center, 5200, Sherier Place Northwest, The Palisades, Ward 3, Washington, District of Columbia, 20016, United States",,,,not_applicable
washington-dc-pickleball-hearst,Washington DC,pickleball,Hearst Recreation Center,Hearst,3950 37th St NW,Washington,DC,20008,38.9408873,-77.0716987,public_free,outdoor,,neighborhood_hub,78,source_verified,official,https://dpr.dc.gov/page/athletic-fields-courts,OpenStreetMap Nominatim,"3950 37th St NW, Washington, DC 20008","Phoebe Hearst Elementary School, 3950, 37th Street Northwest, Cleveland Park, Ward 3, Washington, District of Columbia, 20008, United States",,,,not_applicable
washington-dc-pickleball-edgewood,Washington DC,pickleball,Edgewood Recreation Center,Edgewood,301 Franklin St NE,Washington,DC,20002,38.925512,-77.002286,public_free,indoor,,open_play_anchor,92,source_verified,official,https://dpr.dc.gov/page/athletic-fields-courts,OpenStreetMap Nominatim,"301 Franklin St NE, Washington, DC 20002","301, Franklin Street Northeast, Edgewood, Ward 5, Washington, District of Columbia, 20002, United States",,,,not_applicable
miami-basketball-lummus-park,Miami,basketball,Lummus Park Courts,Lummus Park,1130 Ocean Dr,Miami Beach,FL,33139,25.7823481,-80.1305196,public_free,outdoor,,pickup_anchor,90,source_verified,community,https://fullcourt.io/miami/courts,OpenStreetMap Nominatim,"1130 Ocean Dr, Miami Beach, FL 33139","1130, Ocean Drive, Miami Beach, Miami-Dade County, Florida, 33139, United States",,,,none
miami-basketball-flamingo-park,Miami,basketball,Flamingo Park,Flamingo Park,1200 Meridian Ave,Miami Beach,FL,33139,25.7851826,-80.1375022,public_free,outdoor,,pickup_anchor,90,source_verified,official,https://www.miamibeachfl.gov/parks-facilities/flamingo-park/,OpenStreetMap Nominatim,"1200 Meridian Ave, Miami Beach, FL 33139","1200, Meridian Avenue, Española Way, Miami Beach, Miami-Dade County, Florida, 33139, United States",237435647,105.9,Miami Beach,nearby
miami-basketball-margaret-pace,Miami,basketball,Margaret Pace Park,Margaret Pace,1745 N Bayshore Dr,Miami,FL,33132,25.7933775,-80.1861208,public_free,outdoor,,pickup_anchor,90,source_verified,official,https://www.miami.gov/Parks-Public-Places/Parks-Directory/Margaret-Pace-Park,OpenStreetMap Nominatim,"1745 N Bayshore Dr, Miami, FL 33132","1745, North Bayshore Drive, Miami, Miami-Dade County, Florida, 33132, United States",316001421,232.2,Miami,review
miami-basketball-morningside,Miami,basketball,Morningside Park,Morningside,750 NE 55th Ter,Miami,FL,33137,25.8270704,-80.1802162,public_free,outdoor,,neighborhood_hub,78,source_verified,community,https://fullcourt.io/miami/courts,OpenStreetMap Nominatim,"750 NE 55th Ter, Miami, FL 33137","750, Northeast 55th Terrace, Bayshore, Miami, Miami-Dade County, Florida, 33137, United States",313742328,127.8,Miami,nearby
miami-pickleball-tropical-park,Miami,pickleball,Tropical Park Pickleball Courts,Tropical Park,7900 SW 40th St,Miami,FL,33155,25.732893,-80.319927,public_free,outdoor,,open_play_anchor,92,source_verified,official,https://www.miamidade.gov/parks/tropical.asp,OpenStreetMap Nominatim,"7900 SW 40th St, Miami, FL 33155","7900, Southwest 40th Street, Miami-Dade County, Florida, 33165, United States",,,,not_applicable
miami-pickleball-miami-shores,Miami,pickleball,Miami Shores Tennis & Pickleball Club,Miami Shores,825 NE 100th St,Miami Shores,FL,33138,25.8674557,-80.1807216,public_paid,outdoor,6,open_play_anchor,92,source_verified,venue,https://www.miamishorestennis.com/,OpenStreetMap Nominatim,"825 NE 100th St, Miami Shores, FL 33138","825, Northeast 100th Street, Miami Shores, Miami-Dade County, Florida, 33138, United States",,,,not_applicable
miami-pickleball-north-shore,Miami,pickleball,North Shore Park Pickleball Courts,North Shore,501 72nd St,Miami Beach,FL,33141,25.8573686,-80.1229567,public_paid,outdoor,,open_play_anchor,92,source_verified,venue,https://www.mbtennisacademy.com/pickleball-openplay,OpenStreetMap Nominatim,"501 72nd St, Miami Beach, FL 33141","North Shore Park & Youth Center, 501, 72nd Street, Atlantic Heights, Miami Beach, Miami-Dade County, Florida, 33141, United States",,,,not_applicable
miami-pickleball-palmetto-bay,Miami,pickleball,Palmetto Bay Park,Palmetto Bay,17535 SW 95th Ave,Palmetto Bay,FL,33157,25.6070706,-80.345553,public_free,outdoor,,community_hub,82,source_verified,official,https://www.palmettobay-fl.gov/Facilities/Facility/Details/Palmetto-Bay-Park-5,OpenStreetMap Nominatim,"17535 SW 95th Ave, Palmetto Bay, FL 33157","17535, Southwest 95th Avenue, East Perrine, Palmetto Bay, Miami-Dade County, Florida, 33157, United States",,,,not_applicable
los-angeles-basketball-venice-beach,Los Angeles,basketball,Venice Beach Basketball Courts,Venice Beach,1800 Ocean Front Walk,Venice,CA,90291,33.98567,-118.472727,public_free,outdoor,,iconic,100,source_verified,editorial,https://www.redbull.com/us-en/famous-streetball-courts-usa,OpenStreetMap Nominatim,"1800 Ocean Front Walk, Venice, CA 90291","1800, Ocean Front Walk, Venice Canal Historic District, Venice, Los Angeles, Los Angeles County, California, 90291, United States",35565733,29,Los Angeles,strong
los-angeles-basketball-pan-pacific,Los Angeles,basketball,Pan Pacific Park,Pan Pacific,7600 Beverly Blvd,Los Angeles,CA,90036,34.076049,-118.355142,public_free,outdoor,2,pickup_anchor,90,source_verified,editorial,https://www.cbsnews.com/losangeles/news/best-outdoor-basketball-courts-in-los-angeles,OpenStreetMap Nominatim,"7600 Beverly Blvd, Los Angeles, CA 90036","7600, Beverly Boulevard, Fairfax, Los Angeles, Los Angeles County, California, 90036, United States",202014022,140.7,Los Angeles,nearby
los-angeles-basketball-washington-park,Los Angeles,basketball,Col. Leon H. Washington Park,Washington Park,8908 S Maie Ave,Los Angeles,CA,90002,33.9499854,-118.2445129,public_free,mixed,,iconic,100,source_verified,official,https://locator.lacounty.gov/lac/Location/3179832/col-leon-h-washington-park,OpenStreetMap Nominatim,"8908 S Maie Ave, Los Angeles, CA 90002","Maie Avenue, Los Angeles, Los Angeles County, California, 90002, United States",,,,none
los-angeles-basketball-rancho-cienega,Los Angeles,basketball,Rancho Cienega Sports Complex,Rancho Cienega,5001 Obama Blvd,Los Angeles,CA,90016,34.0229782,-118.3514764,public_free,mixed,,community_hub,82,source_verified,official,https://www.laparks.org/reccenter/rancho-cienega,OpenStreetMap Nominatim,"5001 Obama Blvd, Los Angeles, CA 90016","Michelle and Barack Obama Sports Complex, 5001, Obama Boulevard, Baldwin Hills, West Adams, Los Angeles, Los Angeles County, California, 90016, United States",,,,none
los-angeles-pickleball-plummer-park,Los Angeles,pickleball,Plummer Park Pickleball Courts,Plummer Park,7377 Santa Monica Blvd,West Hollywood,CA,90046,34.0906544,-118.3506583,public_free,outdoor,,open_play_anchor,92,source_verified,official,https://www.weho.org/community/recreation-services/parks/plummer-park,OpenStreetMap Nominatim,"7377 Santa Monica Blvd, West Hollywood, CA 90046","7377, Santa Monica Boulevard, West Hollywood, Los Angeles County, California, 90046, United States",,,,not_applicable
los-angeles-pickleball-memorial-park,Los Angeles,pickleball,Memorial Park Pickleball Courts,Memorial Park,1401 Olympic Blvd,Santa Monica,CA,90404,34.019769,-118.480427,public_free,outdoor,,open_play_anchor,92,source_verified,official,https://www.santamonica.gov/places/parks/memorial-park,OpenStreetMap Nominatim,"1401 Olympic Blvd, Santa Monica, CA 90404","1401, Olympic Boulevard, Santa Monica, Los Angeles County, California, 90404, United States",,,,not_applicable
los-angeles-pickleball-mar-vista,Los Angeles,pickleball,Mar Vista Recreation Center,Mar Vista,11430 Woodbine St,Los Angeles,CA,90066,34.0178894,-118.4293305,public_free,outdoor,,community_hub,82,source_verified,official,https://www.laparks.org/reccenter/mar-vista,OpenStreetMap Nominatim,"11430 Woodbine St, Los Angeles, CA 90066","11430, Woodbine Street, Westdale, Mar Vista, Los Angeles, Los Angeles County, California, 90066, United States",,,,not_applicable
los-angeles-pickleball-cheviot-hills,Los Angeles,pickleball,Cheviot Hills Recreation Center,Cheviot Hills,2551 Motor Ave,Los Angeles,CA,90064,34.0468111,-118.4081458,public_free,outdoor,,neighborhood_hub,78,source_verified,official,https://www.laparks.org/reccenter/cheviot-hills,OpenStreetMap Nominatim,"2551 Motor Ave, Los Angeles, CA 90064","2551, Motor Avenue, Cheviot Hills, Pico-Robertson, Los Angeles, Los Angeles County, California, 90064, United States",,,,not_applicable
houston-basketball-fonde-rec,Houston,basketball,Fonde Recreation Center,Fonde Rec,110 Sabine St,Houston,TX,77007,29.7629552,-95.3750088,public_free,indoor,,iconic,100,source_verified,official,https://www.houstontx.gov/parks/communitycenters/fondecc.html,OpenStreetMap Nominatim,"110 Sabine St, Houston, TX 77007","Fonde Community Center, 110, Sabine Street, Washington Avenue Coalition / Memorial Park, Old Sixth Ward, Houston, Harris County, Texas, 77007, United States",984550959,421.4,Houston,review
houston-basketball-emancipation,Houston,basketball,Emancipation Park,Emancipation,3018 Emancipation Ave,Houston,TX,77004,29.7356906,-95.3648855,public_free,outdoor,,community_hub,82,source_verified,venue,https://epconservancy.org/,OpenStreetMap Nominatim,"Emancipation Park, 3018 Emancipation Ave, Houston, TX 77004","Emancipation Community Center, 3018, Emancipation Avenue, Third Ward, Houston, Harris County, Texas, 77004, United States",398628438,38.8,Houston,strong
houston-basketball-macgregor,Houston,basketball,MacGregor Park,MacGregor,5225 Calhoun Rd,Houston,TX,77021,29.710711,-95.3415957,public_free,outdoor,,pickup_anchor,90,source_verified,official,https://www.houstontx.gov/parks/parksites/macgregorpark.html,OpenStreetMap Nominatim,"5225 Calhoun Rd, Houston, TX 77021","5225, Calhoun Road, University Oaks, MacGregor, Houston, Harris County, Texas, 77021, United States",,,,none
houston-basketball-root-square,Houston,basketball,Root Memorial Square,Root Square,1400 Clay St,Houston,TX,77002,29.751741,-95.363759,public_free,outdoor,1,downtown_anchor,74,source_verified,official,https://www.houstontx.gov/parks/parksites/rootmemorialsquare.html,OpenStreetMap Nominatim,"1400 Clay St, Houston, TX 77002","1400, Clay Street, Downtown, Houston, Harris County, Texas, 77002, United States",263245741,55,Houston,strong
houston-pickleball-houston-pickleball,Houston,pickleball,Houston Pickleball Center,Houston Pickleball,12233 Robin Blvd,Houston,TX,77045,29.6338243,-95.406236,private_paid,indoor,11,open_play_anchor,92,source_verified,venue,https://houstonpickleballcenter.com/,OpenStreetMap Nominatim,"Houston Pickleball Center, 12233 Robin Blvd, Houston, TX 77045","Houston Pickleball Center, 12233, Robin Boulevard, Houston, Harris County, Texas, 77045, United States",,,,not_applicable
houston-pickleball-bumpy-pickle,Houston,pickleball,Bumpy Pickle,Bumpy Pickle,554 Lockwood Dr,Houston,TX,77011,29.7525981,-95.3226971,private_paid,outdoor,9,open_play_anchor,92,source_verified,venue,https://bumpypickle.com/open-play,OpenStreetMap Nominatim,"554 Lockwood Dr, Houston, TX 77011","554, Lockwood Drive, Second Ward, Houston, Harris County, Texas, 77011, United States",,,,not_applicable
houston-pickleball-east-river-9,Houston,pickleball,East River 9,East River 9,65 Hirsch Rd,Houston,TX,77020,29.7617406,-95.3317626,private_paid,outdoor,,social_anchor,86,source_verified,venue,https://eastriver9.com/pickleball/,OpenStreetMap Nominatim,"East River 9, 65 Hirsch Rd, Houston, TX 77020","East River 9, 65, Hirsch Road, Fifth Ward, Houston, Harris County, Texas, 77020, United States",,,,not_applicable
houston-pickleball-jaycee-park,Houston,pickleball,Jaycee Park Pickleball Courts,Jaycee Park,1300 Seamist Dr,Houston,TX,77008,29.793367,-95.437836,public_free,outdoor,2,community_hub,82,source_verified,official,https://cp4.harriscountytx.gov/Explore/Parks/Precinct-4-Parks/jaycee,OpenStreetMap Nominatim,"1300 Seamist Dr, Houston, TX 77008","1300, Seamist Drive, Houston, Harris County, Texas, 77008, United States",,,,not_applicable
austin-basketball-hancock,Austin,basketball,Hancock Recreation Center,Hancock,811 E 41st St,Austin,TX,78751,30.2990529,-97.7245946,public_free,outdoor,2,pickup_anchor,90,source_verified,community,https://austinparks.org/blog/basketball-courts-austin-texas/,OpenStreetMap Nominatim,"Hancock Recreation Center, 811 E 41st St, Austin, TX 78751","Hancock Recreation Center, 811, East 41st Street, Country Club Park, Austin, Travis County, Texas, 78751, United States",900177898,33.6,Austin,strong
austin-basketball-givens,Austin,basketball,Givens Recreation Center,Givens,3811 E 12th St,Austin,TX,78721,30.2768,-97.6902958,public_free,mixed,,community_hub,82,source_verified,community,https://austinparks.org/blog/basketball-courts-austin-texas/,OpenStreetMap Nominatim,"Givens Recreation Center, 3811 E 12th St, Austin, TX 78721","Givens Recreation Center, 3811, East 12th Street, Austin, Travis County, Texas, 78721, United States",583734035,233.5,Austin,review
austin-basketball-pan-am,Austin,basketball,Pan American Recreation Center,Pan Am,2100 E 3rd St,Austin,TX,78702,30.2581662,-97.7207643,public_free,mixed,,community_hub,82,source_verified,community,https://austinparks.org/blog/basketball-courts-austin-texas/,OpenStreetMap Nominatim,"2100 E 3rd St, Austin, TX 78702","Pan AM Recreation Center, 2100, East 3rd Street, Holly, Austin, Travis County, Texas, 78702, United States",1259442487,315,Austin,review
austin-basketball-garrison,Austin,basketball,Garrison District Park,Garrison,6001 Manchaca Rd,Austin,TX,78745,30.1685841,-97.8306185,public_free,outdoor,,neighborhood_hub,78,source_verified,community,https://austinparks.org/blog/basketball-courts-austin-texas/,OpenStreetMap Nominatim,"6001 Manchaca Rd, Austin, TX 78745","Old Manchaca Road, Ford Oaks, Austin, Travis County, Texas, 78748, United States",,,,none
austin-pickleball-pan-am,Austin,pickleball,Pan American Pickleball Courts,Pan Am,2100 E 3rd St,Austin,TX,78702,30.2581662,-97.7207643,public_free,outdoor,6,open_play_anchor,92,source_verified,official,https://www.austintexas.gov/parks/programs/pickleball,OpenStreetMap Nominatim,"2100 E 3rd St, Austin, TX 78702","Pan AM Recreation Center, 2100, East 3rd Street, Holly, Austin, Travis County, Texas, 78702, United States",,,,not_applicable
austin-pickleball-atpc,Austin,pickleball,Austin Tennis & Pickleball Center,ATPC,7800 Johnny Morris Rd,Austin,TX,78724,30.312221,-97.638456,public_paid,outdoor,8,open_play_anchor,92,source_verified,official,https://www.austintexas.gov/department/austin-tennis-center,OpenStreetMap Nominatim,"7800 Johnny Morris Rd, Austin, TX 78724","7800, Johnny Morris Road, Austin, Travis County, Texas, 78724, United States",,,,not_applicable
austin-pickleball-patterson-park,Austin,pickleball,Patterson Neighborhood Park,Patterson Park,4200 Brookview Rd,Austin,TX,78722,30.2966713,-97.7102822,public_free,outdoor,2,neighborhood_hub,78,source_verified,official,https://www.austintexas.gov/parks/programs/pickleball,OpenStreetMap Nominatim,"4200 Brookview Rd, Austin, TX 78722","4200, Brookview Road, Delwood, Austin, Travis County, Texas, 78722, United States",,,,not_applicable
austin-pickleball-dittmar,Austin,pickleball,Dittmar Recreation Center,Dittmar,1009 W Dittmar Rd,Austin,TX,78745,30.1858789,-97.8007033,public_free,indoor,4,open_play_anchor,92,source_verified,official,https://www.austintexas.gov/parks/programs/pickleball,OpenStreetMap Nominatim,"1009 W Dittmar Rd, Austin, TX 78745","1009, West Dittmar Road, Austin, Travis County, Texas, 78745, United States",,,,not_applicable
denver-basketball-mestizo-curtis,Denver,basketball,Mestizo-Curtis Park,Mestizo-Curtis,3100 Champa St,Denver,CO,80205,39.760575,-104.975633,public_free,outdoor,,community_hub,82,source_verified,official,https://www.denvergov.org/Government/Agencies-Departments-Offices/Agencies-Departments-Offices-Directory/Parks-Recreation/Parks/Urban-Parks/Mestizo-Curtis-Park,OpenStreetMap Nominatim,"3100 Champa St, Denver, CO 80205","3100, Champa Street, Five Points, Denver, Colorado, 80205, United States",25680128,210.8,Denver,nearby
denver-basketball-la-alma-lincoln,Denver,basketball,La Alma-Lincoln Park,La Alma-Lincoln,1325 W 11th Ave,Denver,CO,80204,39.734759,-105.0044547,public_free,outdoor,,community_hub,82,source_verified,official,https://www.denvergov.org/Government/Agencies-Departments-Offices/Agencies-Departments-Offices-Directory/Parks-Recreation/Parks/Urban-Parks/La-Alma-Lincoln-Park,OpenStreetMap Nominatim,"1325 W 11th Ave, Denver, CO 80204","La Alma Recreation Center, 1325, West 11th Avenue, La Alma–Lincoln Park, Denver, Colorado, 80204, United States",114290702,26.8,Denver,strong
denver-basketball-city-park,Denver,basketball,City Park Basketball Courts,City Park,1700 N York St,Denver,CO,80206,39.743383,-104.959677,public_free,outdoor,,city_anchor,76,source_verified,official,https://www.denvergov.org/Government/Agencies-Departments-Offices/Agencies-Departments-Offices-Directory/Parks-Recreation/Parks/Urban-Parks/City-Park,OpenStreetMap Nominatim,"1700 N York St, Denver, CO 80206","1700, North York Street, Denver, Colorado, 80206, United States",323175182,499.1,Denver,review
denver-basketball-washington-park,Denver,basketball,Washington Park Basketball Courts,Washington Park,701 S Franklin St,Denver,CO,80209,39.7026223,-104.9705739,public_free,mixed,,city_anchor,76,source_verified,official,https://www.denvergov.org/Government/Agencies-Departments-Offices/Agencies-Departments-Offices-Directory/Parks-Recreation/Parks/Urban-Parks/Washington-Park,OpenStreetMap Nominatim,"701 S Franklin St, Denver, CO 80209","Washington Park Recreation Center, 701, South Franklin Street, Denver, Colorado, 80209, United States",1137052158,221.6,Denver,review
denver-pickleball-gates,Denver,pickleball,Gates Tennis Center,Gates,3300 E Bayaud Ave,Denver,CO,80209,39.7139193,-104.9483282,public_paid,outdoor,14,open_play_anchor,92,source_verified,venue,https://www.gatestenniscenter.info/,OpenStreetMap Nominatim,"Gates Tennis Center, 3300 E Bayaud Ave, Denver, CO 80209","Gates Tennis Center, 3300, East Bayaud Avenue, Denver, Colorado, 80209, United States",,,,not_applicable
denver-pickleball-mlk-park,Denver,pickleball,Martin Luther King Jr. Park Courts,MLK Park,3880 Newport St,Denver,CO,80207,39.7707141,-104.9092894,public_free,outdoor,10,open_play_anchor,92,source_verified,community,https://dnvrpickleball.com/denver/courts,OpenStreetMap Nominatim,"3880 Newport St, Denver, CO 80207","Martin Luther King Jr Recreation Center, 3880, North Newport Street, Denver, Colorado, 80207, United States",,,,not_applicable
denver-pickleball-eisenhower-park,Denver,pickleball,Mamie D. Eisenhower Park Courts,Eisenhower Park,4300 E Dartmouth Ave,Denver,CO,80222,39.6596571,-104.937437,public_free,mixed,7,community_hub,82,source_verified,community,https://dnvrpickleball.com/denver/courts,OpenStreetMap Nominatim,"4300 E Dartmouth Ave, Denver, CO 80222","Eisenhower Recreation Center, 4300, East Dartmouth Avenue, University Hills, Denver, Colorado, 80222, United States",,,,not_applicable
denver-pickleball-huston-lake,Denver,pickleball,Huston Lake Park Courts,Huston Lake,910 S Bryant St,Denver,CO,80219,39.700157,-105.0179623,public_free,outdoor,4,open_play_anchor,92,source_verified,community,https://dnvrpickleball.com/denver/courts,OpenStreetMap Nominatim,"910 S Bryant St, Denver, CO 80219","910, South Bryant Street, Athmar Park, Denver, Colorado, 80219, United States",,,,not_applicable
